<?xml version="1.0" encoding="UTF-8"?>
<!DOCTYPE hibernate-mapping PUBLIC "-//Hibernate/Hibernate Mapping DTD 3.0//EN" "http://hibernate.sourceforge.net/hibernate-mapping-3.0.dtd">
<hibernate-mapping>

<class name="datos.Aula" table="aula">
    <id column="idAula" name="id">
      <generator class="identity"/>
    </id>
    <property column="numero" name="numero" type="int"/>
    <property column="Edificio" name="edificio" type="Edificio"/>

  </joined-subclass>

	<joined-subclass name="datos.Laboratorio"table="laboratorio">
		<key column="id" />
		<property column="cantpc" name="cantpc" type="int" />
		<property column="cantsillas" name="cantsillas" type="int" />
	</joined-subclass>
	</joined-subclass>

	<joined-subclass name="datos.Tradicional"table="Tradicional">
		<key column="id" />
		<property column="cantbancos" name="ccantbancos" type="int" />
		<property column="pizarron" name="pizarron" type="String" />
		<property column="tieneproyector" name="tieneproyector" type="boolean" />
	</joined-subclass>
  
  </class>    
</hibernate-mapping>
