<?xml version="1.0" encoding="UTF-8"?>
<!DOCTYPE hibernate-mapping PUBLIC "-//Hibernate/Hibernate Mapping DTD 3.0//EN" "http://hibernate.sourceforge.net/hibernate-mapping-3.0.dtd">
<hibernate-mapping>

<class name="datos.Usuario" table="usuario">
    <id column="dni_usuario" name="dni_usuario">
      <generator class="identity"/>
    </id>
    <property column="nombre" name="nombre" type="string"/>
    <property column="apellido" name="apellido" type="string"/>
    <property column="tipo_dni" name="tipo_dni" type="string"/>
    <property column="email_usuario" name="email_usuario" type="string"/>
    <property column="usuario_nombre" name="usuario_nombre" type="string"/>    
    <property column="usuario_contraseña" name="usuario_contraseña" type="string"/> 
    <property column="perfil_usuario" name="perfil_usuario" type="string"/>   
    <property column="baja" name="baja" type="boolean"/>
    
  </class>    
</hibernate-mapping>
